GROUP,PACKAGE,CLASS,INSTRUCTION_MISSED,INSTRUCTION_COVERED,BRANCH_MISSED,BRANCH_COVERED,LINE_MISSED,LINE_COVERED,COMPLEXITY_MISSED,COMPLEXITY_COVERED,METHOD_MISSED,METHOD_COVERED
myproject_g2_5,edu.uga.miage.m1.polygons.gui,DrawingPanel,0,28,0,2,0,9,0,3,0,2
myproject_g2_5,edu.uga.miage.m1.polygons.gui,JDrawingFrame,626,367,97,8,135,87,74,7,21,6
myproject_g2_5,edu.uga.miage.m1.polygons.gui,GUIHelper.new WindowAdapter() {...},6,0,0,0,3,0,2,0,2,0
myproject_g2_5,edu.uga.miage.m1.polygons.gui,App,6,0,0,0,3,0,2,0,2,0
myproject_g2_5,edu.uga.miage.m1.polygons.gui,JDrawingFrame.Shapes,0,27,0,0,0,2,0,1,0,1
myproject_g2_5,edu.uga.miage.m1.polygons.gui,JDrawingFrame.ShapeActionListener,3,45,1,3,1,10,1,3,0,2
myproject_g2_5,edu.uga.miage.m1.polygons.gui,GUIHelper,18,0,0,0,6,0,1,0,1,0
myproject_g2_5,edu.uga.miage.m1.polygons.gui.persistence,JSonVisitor,71,44,10,0,20,10,8,6,3,6
myproject_g2_5,edu.uga.miage.m1.polygons.gui.persistence,XMLVisitor,98,58,12,0,25,10,9,6,3,6
myproject_g2_5,edu.uga.miage.m1.polygons.gui.command,MoveShapeCommand,23,0,0,0,8,0,2,0,2,0
myproject_g2_5,edu.uga.miage.m1.polygons.gui.command,AddShapeCommand,20,0,0,0,8,0,3,0,3,0
myproject_g2_5,edu.uga.miage.m1.polygons.gui.command,CommandInvoker,11,6,0,0,4,3,3,1,3,1
myproject_g2_5,edu.uga.miage.m1.polygons.gui.command,UndoShapeCommand,11,6,0,0,4,3,3,1,3,1
myproject_g2_5,edu.uga.miage.m1.polygons.gui.shapes,GroupeShape,83,0,2,0,23,0,12,0,11,0
myproject_g2_5,edu.uga.miage.m1.polygons.gui.shapes,Triangle,301,33,6,0,40,10,23,4,20,4
myproject_g2_5,edu.uga.miage.m1.polygons.gui.shapes,Square,198,33,4,0,31,10,22,4,20,4
myproject_g2_5,edu.uga.miage.m1.polygons.gui.shapes,Cube,162,0,4,0,34,0,26,0,24,0
myproject_g2_5,edu.uga.miage.m1.polygons.gui.shapes,Circle,133,98,4,0,22,19,21,5,19,5
